file_stem,station,location,angle,rel_path,url
168th-st,168th-st,,,168th-st.webp,https://studiorxch.github.io/cdn/station/168th-st.webp
155th-st-b-d,155th-st-b-d,,,155th-st-b-d.webp,https://studiorxch.github.io/cdn/station/155th-st-b-d.webp
bay-ridge---95th-st,bay-ridge---95th-st,,,bay-ridge---95th-st.webp,https://studiorxch.github.io/cdn/station/bay-ridge---95th-st.webp
whitlock-ave,whitlock-ave,,,whitlock-ave.webp,https://studiorxch.github.io/cdn/station/whitlock-ave.webp
ave-u-n,ave-u-n,,,ave-u-n.webp,https://studiorxch.github.io/cdn/station/ave-u-n.webp
woodhaven-blvd---queens-mall,woodhaven-blvd---queens-mall,,,woodhaven-blvd---queens-mall.webp,https://studiorxch.github.io/cdn/station/woodhaven-blvd---queens-mall.webp
lower-east-side---2nd-ave,lower-east-side---2nd-ave,,,lower-east-side---2nd-ave.webp,https://studiorxch.github.io/cdn/station/lower-east-side---2nd-ave.webp
norwood---205th-st,norwood---205th-st,,,norwood---205th-st.webp,https://studiorxch.github.io/cdn/station/norwood---205th-st.webp
tremont-ave,tremont-ave,,,tremont-ave.webp,https://studiorxch.github.io/cdn/station/tremont-ave.webp
103rd-st-a-b-c,103rd-st-a-b-c,,,103rd-st-a-b-c.webp,https://studiorxch.github.io/cdn/station/103rd-st-a-b-c.webp
86th-st-q,86th-st-q,,,86th-st-q.webp,https://studiorxch.github.io/cdn/station/86th-st-q.webp
ft-hamilton-pkwy-d,ft-hamilton-pkwy-d,,,ft-hamilton-pkwy-d.webp,https://studiorxch.github.io/cdn/station/ft-hamilton-pkwy-d.webp
57th-st-f,57th-st-f,,,57th-st-f.webp,https://studiorxch.github.io/cdn/station/57th-st-f.webp
parkchester-1,parkchester-1,,,parkchester-1.webp,https://studiorxch.github.io/cdn/station/parkchester-1.webp
burke-ave,burke-ave,,,burke-ave.webp,https://studiorxch.github.io/cdn/station/burke-ave.webp
franklin-ave-2-3-4-5,franklin-ave-2-3-4-5,,,franklin-ave-2-3-4-5.webp,https://studiorxch.github.io/cdn/station/franklin-ave-2-3-4-5.webp
bleecker-st,bleecker-st,,,bleecker-st.webp,https://studiorxch.github.io/cdn/station/bleecker-st.webp
135th-st-a-b-c,135th-st-a-b-c,,,135th-st-a-b-c.webp,https://studiorxch.github.io/cdn/station/135th-st-a-b-c.webp
longwood-ave,longwood-ave,,,longwood-ave.webp,https://studiorxch.github.io/cdn/station/longwood-ave.webp
20th-ave-d,20th-ave-d,,,20th-ave-d.webp,https://studiorxch.github.io/cdn/station/20th-ave-d.webp
125th-st-1,125th-st-1,,,125th-st-1.webp,https://studiorxch.github.io/cdn/station/125th-st-1.webp
times-sq,times-sq,,,times-sq.webp,https://studiorxch.github.io/cdn/station/times-sq.webp
parkside-ave,parkside-ave,,,parkside-ave.webp,https://studiorxch.github.io/cdn/station/parkside-ave.webp
west-farms-sq---e-tremont-av,west-farms-sq---e-tremont-av,,,west-farms-sq---e-tremont-av.webp,https://studiorxch.github.io/cdn/station/west-farms-sq---e-tremont-av.webp
57th-st-n-q-r-w,57th-st-n-q-r-w,,,57th-st-n-q-r-w.webp,https://studiorxch.github.io/cdn/station/57th-st-n-q-r-w.webp
3rd-ave---149th-st,3rd-ave---149th-st,,,3rd-ave---149th-st.webp,https://studiorxch.github.io/cdn/station/3rd-ave---149th-st.webp
union-sq---14th-st,union-sq---14th-st,,,union-sq---14th-st.webp,https://studiorxch.github.io/cdn/station/union-sq---14th-st.webp
lexington-ave---53rd-st,lexington-ave---53rd-st,,,lexington-ave---53rd-st.webp,https://studiorxch.github.io/cdn/station/lexington-ave---53rd-st.webp
dyckman-st-a,dyckman-st-a,,,dyckman-st-a.webp,https://studiorxch.github.io/cdn/station/dyckman-st-a.webp
215th-st,215th-st,,,215th-st.webp,https://studiorxch.github.io/cdn/station/215th-st.webp
broad-channel,broad-channel,,,broad-channel.webp,https://studiorxch.github.io/cdn/station/broad-channel.webp
grant-ave,grant-ave,,,grant-ave.webp,https://studiorxch.github.io/cdn/station/grant-ave.webp
woodhaven-blvd,woodhaven-blvd,,,woodhaven-blvd.webp,https://studiorxch.github.io/cdn/station/woodhaven-blvd.webp
191st-st-1,191st-st-1,,,191st-st-1.webp,https://studiorxch.github.io/cdn/station/191st-st-1.webp
36th-ave,36th-ave,,,36th-ave.webp,https://studiorxch.github.io/cdn/station/36th-ave.webp
135th-st-2-3,135th-st-2-3,,,135th-st-2-3.webp,https://studiorxch.github.io/cdn/station/135th-st-2-3.webp
28th-st-n-q-r-w,28th-st-n-q-r-w,,,28th-st-n-q-r-w.webp,https://studiorxch.github.io/cdn/station/28th-st-n-q-r-w.webp
fulton-st-2-3-4-5-a-c-j-z,fulton-st-2-3-4-5-a-c-j-z,,,fulton-st-2-3-4-5-a-c-j-z.webp,https://studiorxch.github.io/cdn/station/fulton-st-2-3-4-5-a-c-j-z.webp
138th-st---grand-concourse,138th-st---grand-concourse,,,138th-st---grand-concourse.webp,https://studiorxch.github.io/cdn/station/138th-st---grand-concourse.webp
jamaica-ctr---parsons-archer,jamaica-ctr---parsons-archer,,,jamaica-ctr---parsons-archer.webp,https://studiorxch.github.io/cdn/station/jamaica-ctr---parsons-archer.webp
jamaica---van-wyck,jamaica---van-wyck,,,jamaica---van-wyck.webp,https://studiorxch.github.io/cdn/station/jamaica---van-wyck.webp
world-trade-center,world-trade-center,,,world-trade-center.webp,https://studiorxch.github.io/cdn/station/world-trade-center.webp
111th-st-7,111th-st-7,,,111th-st-7.webp,https://studiorxch.github.io/cdn/station/111th-st-7.webp
e-143rd-st---st-mary-s-st,e-143rd-st---st-mary-s-st,,,e-143rd-st---st-mary-s-st.webp,https://studiorxch.github.io/cdn/station/e-143rd-st---st-mary-s-st.webp
88th-st,88th-st,,,88th-st.webp,https://studiorxch.github.io/cdn/station/88th-st.webp
beach-44th-st,beach-44th-st,,,beach-44th-st.webp,https://studiorxch.github.io/cdn/station/beach-44th-st.webp
55th-st,55th-st,,,55th-st.webp,https://studiorxch.github.io/cdn/station/55th-st.webp
baychester-ave,baychester-ave,,,baychester-ave.webp,https://studiorxch.github.io/cdn/station/baychester-ave.webp
86th-st-4-5-6-6-express,86th-st-4-5-6-6-express,,,86th-st-4-5-6-6-express.webp,https://studiorxch.github.io/cdn/station/86th-st-4-5-6-6-express.webp
chambers-st-a-c,chambers-st-a-c,,,chambers-st-a-c.webp,https://studiorxch.github.io/cdn/station/chambers-st-a-c.webp
central-park-north-110th-st,central-park-north-110th-st,,,central-park-north-110th-st.webp,https://studiorxch.github.io/cdn/station/central-park-north-110th-st.webp
lafayette-ave,lafayette-ave,,,lafayette-ave.webp,https://studiorxch.github.io/cdn/station/lafayette-ave.webp
145th-st-1,145th-st-1,,,145th-st-1.webp,https://studiorxch.github.io/cdn/station/145th-st-1.webp
bergen-st-f-g,bergen-st-f-g,,,bergen-st-f-g.webp,https://studiorxch.github.io/cdn/station/bergen-st-f-g.webp
ditmas-ave,ditmas-ave,,,ditmas-ave.webp,https://studiorxch.github.io/cdn/station/ditmas-ave.webp
newkirk-plaza,newkirk-plaza,,,newkirk-plaza.webp,https://studiorxch.github.io/cdn/station/newkirk-plaza.webp
rockaway-blvd,rockaway-blvd,,,rockaway-blvd.webp,https://studiorxch.github.io/cdn/station/rockaway-blvd.webp
st-lawrence-ave,st-lawrence-ave,,,st-lawrence-ave.webp,https://studiorxch.github.io/cdn/station/st-lawrence-ave.webp
82nd-st---jackson-hts,82nd-st---jackson-hts,,,82nd-st---jackson-hts.webp,https://studiorxch.github.io/cdn/station/82nd-st---jackson-hts.webp
grand-st-l,grand-st-l,,,grand-st-l.webp,https://studiorxch.github.io/cdn/station/grand-st-l.webp
ave-x,ave-x,,,ave-x.webp,https://studiorxch.github.io/cdn/station/ave-x.webp
flushing---main-st,flushing---main-st,,,flushing---main-st.webp,https://studiorxch.github.io/cdn/station/flushing---main-st.webp
burnside-ave,burnside-ave,,,burnside-ave.webp,https://studiorxch.github.io/cdn/station/burnside-ave.webp
utica-ave,utica-ave,,,utica-ave.webp,https://studiorxch.github.io/cdn/station/utica-ave.webp
prospect-park,prospect-park,,,prospect-park.webp,https://studiorxch.github.io/cdn/station/prospect-park.webp
elder-ave,elder-ave,,,elder-ave.webp,https://studiorxch.github.io/cdn/station/elder-ave.webp
ave-m,ave-m,,,ave-m.webp,https://studiorxch.github.io/cdn/station/ave-m.webp
103rd-st-1,103rd-st-1,,,103rd-st-1.webp,https://studiorxch.github.io/cdn/station/103rd-st-1.webp
mosholu-pkwy,mosholu-pkwy,,,mosholu-pkwy.webp,https://studiorxch.github.io/cdn/station/mosholu-pkwy.webp
broadway-n-w,broadway-n-w,,,broadway-n-w.webp,https://studiorxch.github.io/cdn/station/broadway-n-w.webp
145th-st-a-b-c-d,145th-st-a-b-c-d,,,145th-st-a-b-c-d.webp,https://studiorxch.github.io/cdn/station/145th-st-a-b-c-d.webp
96th-st-q,96th-st-q,,,96th-st-q.webp,https://studiorxch.github.io/cdn/station/96th-st-q.webp
woodside---61st-st,woodside---61st-st,,,woodside---61st-st.webp,https://studiorxch.github.io/cdn/station/woodside---61st-st.webp
court-sq-long-island-city,court-sq-long-island-city,,,court-sq-long-island-city.webp,https://studiorxch.github.io/cdn/station/court-sq-long-island-city.webp
125th-st-2-3,125th-st-2-3,,,125th-st-2-3.webp,https://studiorxch.github.io/cdn/station/125th-st-2-3.webp
clark-st,clark-st,,,clark-st.webp,https://studiorxch.github.io/cdn/station/clark-st.webp
prospect-ave-d-n-r,prospect-ave-d-n-r,,,prospect-ave-d-n-r.webp,https://studiorxch.github.io/cdn/station/prospect-ave-d-n-r.webp
14th-st-6th-ave,14th-st-6th-ave,,,14th-st-6th-ave.webp,https://studiorxch.github.io/cdn/station/14th-st-6th-ave.webp
7th-ave-f-g,7th-ave-f-g,,,7th-ave-f-g.webp,https://studiorxch.github.io/cdn/station/7th-ave-f-g.webp
clinton---washington-aves-a-c,clinton---washington-aves-a-c,,,clinton---washington-aves-a-c.webp,https://studiorxch.github.io/cdn/station/clinton---washington-aves-a-c.webp
28th-st-1-2,28th-st-1-2,,,28th-st-1-2.webp,https://studiorxch.github.io/cdn/station/28th-st-1-2.webp
3rd-ave---138th-st,3rd-ave---138th-st,,,3rd-ave---138th-st.webp,https://studiorxch.github.io/cdn/station/3rd-ave---138th-st.webp
chauncey-st,chauncey-st,,,chauncey-st.webp,https://studiorxch.github.io/cdn/station/chauncey-st.webp
rockaway-ave-a-c,rockaway-ave-a-c,,,rockaway-ave-a-c.webp,https://studiorxch.github.io/cdn/station/rockaway-ave-a-c.webp
pelham-bay-park,pelham-bay-park,,,pelham-bay-park.webp,https://studiorxch.github.io/cdn/station/pelham-bay-park.webp
181st-st-1,181st-st-1,,,181st-st-1.webp,https://studiorxch.github.io/cdn/station/181st-st-1.webp
116th-st-a-b-c,116th-st-a-b-c,,,116th-st-a-b-c.webp,https://studiorxch.github.io/cdn/station/116th-st-a-b-c.webp
kosciuszko-st,kosciuszko-st,,,kosciuszko-st.webp,https://studiorxch.github.io/cdn/station/kosciuszko-st.webp
intervale-ave,intervale-ave,,,intervale-ave.webp,https://studiorxch.github.io/cdn/station/intervale-ave.webp
50th-st-d,50th-st-d,,,50th-st-d.webp,https://studiorxch.github.io/cdn/station/50th-st-d.webp
111th-st-a-s,111th-st-a-s,,,111th-st-a-s.webp,https://studiorxch.github.io/cdn/station/111th-st-a-s.webp
marcy-ave,marcy-ave,,,marcy-ave.webp,https://studiorxch.github.io/cdn/station/marcy-ave.webp
inwood---207th-st,inwood---207th-st,,,inwood---207th-st.webp,https://studiorxch.github.io/cdn/station/inwood---207th-st.webp
bay-pky-f,bay-pky-f,,,bay-pky-f.webp,https://studiorxch.github.io/cdn/station/bay-pky-f.webp
gun-hill-rd-2-5,gun-hill-rd-2-5,,,gun-hill-rd-2-5.webp,https://studiorxch.github.io/cdn/station/gun-hill-rd-2-5.webp
66th-st---lincoln-ctr,66th-st---lincoln-ctr,,,66th-st---lincoln-ctr.webp,https://studiorxch.github.io/cdn/station/66th-st---lincoln-ctr.webp
207th-st,207th-st,,,207th-st.webp,https://studiorxch.github.io/cdn/station/207th-st.webp
broadway-junction,broadway-junction,,,broadway-junction.webp,https://studiorxch.github.io/cdn/station/broadway-junction.webp
rockaway-ave-3-4,rockaway-ave-3-4,,,rockaway-ave-3-4.webp,https://studiorxch.github.io/cdn/station/rockaway-ave-3-4.webp
86th-st-1-2,86th-st-1-2,,,86th-st-1-2.webp,https://studiorxch.github.io/cdn/station/86th-st-1-2.webp
e-180th-st,e-180th-st,,,e-180th-st.webp,https://studiorxch.github.io/cdn/station/e-180th-st.webp
e-149th-st,e-149th-st,,,e-149th-st.webp,https://studiorxch.github.io/cdn/station/e-149th-st.webp
halsey-st-l,halsey-st-l,,,halsey-st-l.webp,https://studiorxch.github.io/cdn/station/halsey-st-l.webp
nevins-st,nevins-st,,,nevins-st.webp,https://studiorxch.github.io/cdn/station/nevins-st.webp
42nd-st---bryant-pk,42nd-st---bryant-pk,,,42nd-st---bryant-pk.webp,https://studiorxch.github.io/cdn/station/42nd-st---bryant-pk.webp
kingston---throop-aves,kingston---throop-aves,,,kingston---throop-aves.webp,https://studiorxch.github.io/cdn/station/kingston---throop-aves.webp
nostrand-ave-a-c,nostrand-ave-a-c,,,nostrand-ave-a-c.webp,https://studiorxch.github.io/cdn/station/nostrand-ave-a-c.webp
atlantic-av---barclay-s-center,atlantic-av---barclay-s-center,,,atlantic-av---barclay-s-center.webp,https://studiorxch.github.io/cdn/station/atlantic-av---barclay-s-center.webp
prince-st,prince-st,,,prince-st.webp,https://studiorxch.github.io/cdn/station/prince-st.webp
25th-ave,25th-ave,,,25th-ave.webp,https://studiorxch.github.io/cdn/station/25th-ave.webp
astor-pl,astor-pl,,,astor-pl.webp,https://studiorxch.github.io/cdn/station/astor-pl.webp
ave-j,ave-j,,,ave-j.webp,https://studiorxch.github.io/cdn/station/ave-j.webp
flatbush-ave,flatbush-ave,,,flatbush-ave.webp,https://studiorxch.github.io/cdn/station/flatbush-ave.webp
219th-st,219th-st,,,219th-st.webp,https://studiorxch.github.io/cdn/station/219th-st.webp
169th-st,169th-st,,,169th-st.webp,https://studiorxch.github.io/cdn/station/169th-st.webp
neck-rd,neck-rd,,,neck-rd.webp,https://studiorxch.github.io/cdn/station/neck-rd.webp
fresh-pond-rd,fresh-pond-rd,,,fresh-pond-rd.webp,https://studiorxch.github.io/cdn/station/fresh-pond-rd.webp
14th-st-1-2-3,14th-st-1-2-3,,,14th-st-1-2-3.webp,https://studiorxch.github.io/cdn/station/14th-st-1-2-3.webp
harlem---148th-st,harlem---148th-st,,,harlem---148th-st.webp,https://studiorxch.github.io/cdn/station/harlem---148th-st.webp
forest-hills---71st-av,forest-hills---71st-av,,,forest-hills---71st-av.webp,https://studiorxch.github.io/cdn/station/forest-hills---71st-av.webp
rockaway-park---beach-116-st,rockaway-park---beach-116-st,,,rockaway-park---beach-116-st.webp,https://studiorxch.github.io/cdn/station/rockaway-park---beach-116-st.webp
181st-st-a,181st-st-a,,,181st-st-a.webp,https://studiorxch.github.io/cdn/station/181st-st-a.webp
ft-hamilton-pkwy-n,ft-hamilton-pkwy-n,,,ft-hamilton-pkwy-n.webp,https://studiorxch.github.io/cdn/station/ft-hamilton-pkwy-n.webp
238th-st,238th-st,,,238th-st.webp,https://studiorxch.github.io/cdn/station/238th-st.webp
20th-ave-n,20th-ave-n,,,20th-ave-n.webp,https://studiorxch.github.io/cdn/station/20th-ave-n.webp
72nd-st-a-b-c,72nd-st-a-b-c,,,72nd-st-a-b-c.webp,https://studiorxch.github.io/cdn/station/72nd-st-a-b-c.webp
ave-u-q,ave-u-q,,,ave-u-q.webp,https://studiorxch.github.io/cdn/station/ave-u-q.webp
96th-st-1-2-3,96th-st-1-2-3,,,96th-st-1-2-3.webp,https://studiorxch.github.io/cdn/station/96th-st-1-2-3.webp
39th-ave,39th-ave,,,39th-ave.webp,https://studiorxch.github.io/cdn/station/39th-ave.webp
botanic-garden,botanic-garden,,,botanic-garden.webp,https://studiorxch.github.io/cdn/station/botanic-garden.webp
wilson-ave,wilson-ave,,,wilson-ave.webp,https://studiorxch.github.io/cdn/station/wilson-ave.webp
w-8th-st---ny-aquarium,w-8th-st---ny-aquarium,,,w-8th-st---ny-aquarium.webp,https://studiorxch.github.io/cdn/station/w-8th-st---ny-aquarium.webp
111th-st-j,111th-st-j,,,111th-st-j.webp,https://studiorxch.github.io/cdn/station/111th-st-j.webp
bedford-park-blvd,bedford-park-blvd,,,bedford-park-blvd.webp,https://studiorxch.github.io/cdn/station/bedford-park-blvd.webp
nostrand-ave-3-4,nostrand-ave-3-4,,,nostrand-ave-3-4.webp,https://studiorxch.github.io/cdn/station/nostrand-ave-3-4.webp
central-ave,central-ave,,,central-ave.webp,https://studiorxch.github.io/cdn/station/central-ave.webp
59th-st-4-5-6-6-express,59th-st-4-5-6-6-express,,,59th-st-4-5-6-6-express.webp,https://studiorxch.github.io/cdn/station/59th-st-4-5-6-6-express.webp
183rd-st,183rd-st,,,183rd-st.webp,https://studiorxch.github.io/cdn/station/183rd-st.webp
van-cortlandt-park---242nd-st,van-cortlandt-park---242nd-st,,,van-cortlandt-park---242nd-st.webp,https://studiorxch.github.io/cdn/station/van-cortlandt-park---242nd-st.webp
ozone-park---lefferts-blvd,ozone-park---lefferts-blvd,,,ozone-park---lefferts-blvd.webp,https://studiorxch.github.io/cdn/station/ozone-park---lefferts-blvd.webp
jay-st---metrotech,jay-st---metrotech,,,jay-st---metrotech.webp,https://studiorxch.github.io/cdn/station/jay-st---metrotech.webp
121st-st,121st-st,,,121st-st.webp,https://studiorxch.github.io/cdn/station/121st-st.webp
myrtle-ave,myrtle-ave,,,myrtle-ave.webp,https://studiorxch.github.io/cdn/station/myrtle-ave.webp
174th-175th-sts,174th-175th-sts,,,174th-175th-sts.webp,https://studiorxch.github.io/cdn/station/174th-175th-sts.webp
marble-hill---225th-st,marble-hill---225th-st,,,marble-hill---225th-st.webp,https://studiorxch.github.io/cdn/station/marble-hill---225th-st.webp
34th-st---hudson-yards,34th-st---hudson-yards,,,34th-st---hudson-yards.webp,https://studiorxch.github.io/cdn/station/34th-st---hudson-yards.webp
116th-st-2-3,116th-st-2-3,,,116th-st-2-3.webp,https://studiorxch.github.io/cdn/station/116th-st-2-3.webp
116th-st-4-6-6-express,116th-st-4-6-6-express,,,116th-st-4-6-6-express.webp,https://studiorxch.github.io/cdn/station/116th-st-4-6-6-express.webp
queens-plz,queens-plz,,,queens-plz.webp,https://studiorxch.github.io/cdn/station/queens-plz.webp
vernon-blvd---jackson-ave,vernon-blvd---jackson-ave,,,vernon-blvd---jackson-ave.webp,https://studiorxch.github.io/cdn/station/vernon-blvd---jackson-ave.webp
bedford---nostrand-aves,bedford---nostrand-aves,,,bedford---nostrand-aves.webp,https://studiorxch.github.io/cdn/station/bedford---nostrand-aves.webp
bedford-park-blvd---lehman-college,bedford-park-blvd---lehman-college,,,bedford-park-blvd---lehman-college.webp,https://studiorxch.github.io/cdn/station/bedford-park-blvd---lehman-college.webp
kings-hwy-n,kings-hwy-n,,,kings-hwy-n.webp,https://studiorxch.github.io/cdn/station/kings-hwy-n.webp
gravesend---86th-st,gravesend---86th-st,,,gravesend---86th-st.webp,https://studiorxch.github.io/cdn/station/gravesend---86th-st.webp
3rd-ave,3rd-ave,,,3rd-ave.webp,https://studiorxch.github.io/cdn/station/3rd-ave.webp
5th-ave---59th-st,5th-ave---59th-st,,,5th-ave---59th-st.webp,https://studiorxch.github.io/cdn/station/5th-ave---59th-st.webp
neptune-ave,neptune-ave,,,neptune-ave.webp,https://studiorxch.github.io/cdn/station/neptune-ave.webp
125th-st-a-b-c-d,125th-st-a-b-c-d,,,125th-st-a-b-c-d.webp,https://studiorxch.github.io/cdn/station/125th-st-a-b-c-d.webp
van-siclen-ave-j-z,van-siclen-ave-j-z,,,van-siclen-ave-j-z.webp,https://studiorxch.github.io/cdn/station/van-siclen-ave-j-z.webp
kingsbridge-rd-4,kingsbridge-rd-4,,,kingsbridge-rd-4.webp,https://studiorxch.github.io/cdn/station/kingsbridge-rd-4.webp
spring-st-a-c-e,spring-st-a-c-e,,,spring-st-a-c-e.webp,https://studiorxch.github.io/cdn/station/spring-st-a-c-e.webp
8th-st---nyu,8th-st---nyu,,,8th-st---nyu.webp,https://studiorxch.github.io/cdn/station/8th-st---nyu.webp
nassau-ave,nassau-ave,,,nassau-ave.webp,https://studiorxch.github.io/cdn/station/nassau-ave.webp
75th-st---eldert-ln,75th-st---eldert-ln,,,75th-st---eldert-ln.webp,https://studiorxch.github.io/cdn/station/75th-st---eldert-ln.webp
21st-st---queensbridge,21st-st---queensbridge,,,21st-st---queensbridge.webp,https://studiorxch.github.io/cdn/station/21st-st---queensbridge.webp
borough-hall,borough-hall,,,borough-hall.webp,https://studiorxch.github.io/cdn/station/borough-hall.webp
delancey-st---essex-st,delancey-st---essex-st,,,delancey-st---essex-st.webp,https://studiorxch.github.io/cdn/station/delancey-st---essex-st.webp
beach-98th-st,beach-98th-st,,,beach-98th-st.webp,https://studiorxch.github.io/cdn/station/beach-98th-st.webp
lorimer-st-l,lorimer-st-l,,,lorimer-st-l.webp,https://studiorxch.github.io/cdn/station/lorimer-st-l.webp
40th-st,40th-st,,,40th-st.webp,https://studiorxch.github.io/cdn/station/40th-st.webp
clinton---washington-aves-g,clinton---washington-aves-g,,,clinton---washington-aves-g.webp,https://studiorxch.github.io/cdn/station/clinton---washington-aves-g.webp
liberty-ave,liberty-ave,,,liberty-ave.webp,https://studiorxch.github.io/cdn/station/liberty-ave.webp
fordham-rd-b-d,fordham-rd-b-d,,,fordham-rd-b-d.webp,https://studiorxch.github.io/cdn/station/fordham-rd-b-d.webp
norwood-ave,norwood-ave,,,norwood-ave.webp,https://studiorxch.github.io/cdn/station/norwood-ave.webp
canal-st---holland-tunnel,canal-st---holland-tunnel,,,canal-st---holland-tunnel.webp,https://studiorxch.github.io/cdn/station/canal-st---holland-tunnel.webp
25th-st,25th-st,,,25th-st.webp,https://studiorxch.github.io/cdn/station/25th-st.webp
hunters-point-ave,hunters-point-ave,,,hunters-point-ave.webp,https://studiorxch.github.io/cdn/station/hunters-point-ave.webp
new-lots-ave-3-4,new-lots-ave-3-4,,,new-lots-ave-3-4.webp,https://studiorxch.github.io/cdn/station/new-lots-ave-3-4.webp
grand-army-plaza,grand-army-plaza,,,grand-army-plaza.webp,https://studiorxch.github.io/cdn/station/grand-army-plaza.webp
34th-st---penn-station,34th-st---penn-station,,,34th-st---penn-station.webp,https://studiorxch.github.io/cdn/station/34th-st---penn-station.webp
court-sq---23rd-st,court-sq---23rd-st,,,court-sq---23rd-st.webp,https://studiorxch.github.io/cdn/station/court-sq---23rd-st.webp
astoria-blvd,astoria-blvd,,,astoria-blvd.webp,https://studiorxch.github.io/cdn/station/astoria-blvd.webp
103rd-st---corona-plaza,103rd-st---corona-plaza,,,103rd-st---corona-plaza.webp,https://studiorxch.github.io/cdn/station/103rd-st---corona-plaza.webp
104th-102nd-sts,104th-102nd-sts,,,104th-102nd-sts.webp,https://studiorxch.github.io/cdn/station/104th-102nd-sts.webp
jefferson-st,jefferson-st,,,jefferson-st.webp,https://studiorxch.github.io/cdn/station/jefferson-st.webp
18th-ave-f,18th-ave-f,,,18th-ave-f.webp,https://studiorxch.github.io/cdn/station/18th-ave-f.webp
newkirk-ave,newkirk-ave,,,newkirk-ave.webp,https://studiorxch.github.io/cdn/station/newkirk-ave.webp
seneca-ave,seneca-ave,,,seneca-ave.webp,https://studiorxch.github.io/cdn/station/seneca-ave.webp
castle-hill-ave,castle-hill-ave,,,castle-hill-ave.webp,https://studiorxch.github.io/cdn/station/castle-hill-ave.webp
herald-sq---34th-st,herald-sq---34th-st,,,herald-sq---34th-st.webp,https://studiorxch.github.io/cdn/station/herald-sq---34th-st.webp
23rd-st-a-c-e,23rd-st-a-c-e,,,23rd-st-a-c-e.webp,https://studiorxch.github.io/cdn/station/23rd-st-a-c-e.webp
9th-ave,9th-ave,,,9th-ave.webp,https://studiorxch.github.io/cdn/station/9th-ave.webp
33rd-st-7,33rd-st-7,,,33rd-st-7.webp,https://studiorxch.github.io/cdn/station/33rd-st-7.webp
halsey-st-j,halsey-st-j,,,halsey-st-j.webp,https://studiorxch.github.io/cdn/station/halsey-st-j.webp
dyckman-st-1,dyckman-st-1,,,dyckman-st-1.webp,https://studiorxch.github.io/cdn/station/dyckman-st-1.webp
cortlandt-st-r-w,cortlandt-st-r-w,,,cortlandt-st-r-w.webp,https://studiorxch.github.io/cdn/station/cortlandt-st-r-w.webp
kew-gardens---union-tpke,kew-gardens---union-tpke,,,kew-gardens---union-tpke.webp,https://studiorxch.github.io/cdn/station/kew-gardens---union-tpke.webp
brook-ave,brook-ave,,,brook-ave.webp,https://studiorxch.github.io/cdn/station/brook-ave.webp
36th-st-e-m-r,36th-st-e-m-r,,,36th-st-e-m-r.webp,https://studiorxch.github.io/cdn/station/36th-st-e-m-r.webp
ocean-pkwy,ocean-pkwy,,,ocean-pkwy.webp,https://studiorxch.github.io/cdn/station/ocean-pkwy.webp
bushwick---aberdeen,bushwick---aberdeen,,,bushwick---aberdeen.webp,https://studiorxch.github.io/cdn/station/bushwick---aberdeen.webp
church-ave-f-g,church-ave-f-g,,,church-ave-f-g.webp,https://studiorxch.github.io/cdn/station/church-ave-f-g.webp
157th-st,157th-st,,,157th-st.webp,https://studiorxch.github.io/cdn/station/157th-st.webp
flushing-ave-j-m,flushing-ave-j-m,,,flushing-ave-j-m.webp,https://studiorxch.github.io/cdn/station/flushing-ave-j-m.webp
75th-ave,75th-ave,,,75th-ave.webp,https://studiorxch.github.io/cdn/station/75th-ave.webp
gun-hill-rd-5,gun-hill-rd-5,,,gun-hill-rd-5.webp,https://studiorxch.github.io/cdn/station/gun-hill-rd-5.webp
52nd-st,52nd-st,,,52nd-st.webp,https://studiorxch.github.io/cdn/station/52nd-st.webp
eastern-pkwy---bklyn-museum,eastern-pkwy---bklyn-museum,,,eastern-pkwy---bklyn-museum.webp,https://studiorxch.github.io/cdn/station/eastern-pkwy---bklyn-museum.webp
canarsie---rockaway-pkwy,canarsie---rockaway-pkwy,,,canarsie---rockaway-pkwy.webp,https://studiorxch.github.io/cdn/station/canarsie---rockaway-pkwy.webp
176th-st,176th-st,,,176th-st.webp,https://studiorxch.github.io/cdn/station/176th-st.webp
dekalb-ave-l,dekalb-ave-l,,,dekalb-ave-l.webp,https://studiorxch.github.io/cdn/station/dekalb-ave-l.webp
170th-st-4,170th-st-4,,,170th-st-4.webp,https://studiorxch.github.io/cdn/station/170th-st-4.webp
shepherd-ave,shepherd-ave,,,shepherd-ave.webp,https://studiorxch.github.io/cdn/station/shepherd-ave.webp
hunts-point-ave,hunts-point-ave,,,hunts-point-ave.webp,https://studiorxch.github.io/cdn/station/hunts-point-ave.webp
east-broadway,east-broadway,,,east-broadway.webp,https://studiorxch.github.io/cdn/station/east-broadway.webp
spring-st-4-6-6-express,spring-st-4-6-6-express,,,spring-st-4-6-6-express.webp,https://studiorxch.github.io/cdn/station/spring-st-4-6-6-express.webp
morrison-av---soundview,morrison-av---soundview,,,morrison-av---soundview.webp,https://studiorxch.github.io/cdn/station/morrison-av---soundview.webp
broadway---lafayette-st,broadway---lafayette-st,,,broadway---lafayette-st.webp,https://studiorxch.github.io/cdn/station/broadway---lafayette-st.webp
7th-ave-b-d-e,7th-ave-b-d-e,,,7th-ave-b-d-e.webp,https://studiorxch.github.io/cdn/station/7th-ave-b-d-e.webp
euclid-ave,euclid-ave,,,euclid-ave.webp,https://studiorxch.github.io/cdn/station/euclid-ave.webp
winthrop-st,winthrop-st,,,winthrop-st.webp,https://studiorxch.github.io/cdn/station/winthrop-st.webp
nereid-ave-238-st,nereid-ave-238-st,,,nereid-ave-238-st.webp,https://studiorxch.github.io/cdn/station/nereid-ave-238-st.webp
47th-50th-sts---rockefeller-ctr,47th-50th-sts---rockefeller-ctr,,,47th-50th-sts---rockefeller-ctr.webp,https://studiorxch.github.io/cdn/station/47th-50th-sts---rockefeller-ctr.webp
50th-st-1-2,50th-st-1-2,,,50th-st-1-2.webp,https://studiorxch.github.io/cdn/station/50th-st-1-2.webp
103rd-st-4-6-6-express,103rd-st-4-6-6-express,,,103rd-st-4-6-6-express.webp,https://studiorxch.github.io/cdn/station/103rd-st-4-6-6-express.webp
beach-25th-st,beach-25th-st,,,beach-25th-st.webp,https://studiorxch.github.io/cdn/station/beach-25th-st.webp
roosevelt-island---main-st,roosevelt-island---main-st,,,roosevelt-island---main-st.webp,https://studiorxch.github.io/cdn/station/roosevelt-island---main-st.webp
van-siclen-ave-a-c,van-siclen-ave-a-c,,,van-siclen-ave-a-c.webp,https://studiorxch.github.io/cdn/station/van-siclen-ave-a-c.webp
90th-st---elmhurst-av,90th-st---elmhurst-av,,,90th-st---elmhurst-av.webp,https://studiorxch.github.io/cdn/station/90th-st---elmhurst-av.webp
houston-st,houston-st,,,houston-st.webp,https://studiorxch.github.io/cdn/station/houston-st.webp
aqueduct-racetrack,aqueduct-racetrack,,,aqueduct-racetrack.webp,https://studiorxch.github.io/cdn/station/aqueduct-racetrack.webp
chambers-st-1-2-3,chambers-st-1-2-3,,,chambers-st-1-2-3.webp,https://studiorxch.github.io/cdn/station/chambers-st-1-2-3.webp
71st-st,71st-st,,,71st-st.webp,https://studiorxch.github.io/cdn/station/71st-st.webp
church-ave-2-5,church-ave-2-5,,,church-ave-2-5.webp,https://studiorxch.github.io/cdn/station/church-ave-2-5.webp
77th-st-4-6-6-express,77th-st-4-6-6-express,,,77th-st-4-6-6-express.webp,https://studiorxch.github.io/cdn/station/77th-st-4-6-6-express.webp
christopher-st---sheridan-sq,christopher-st---sheridan-sq,,,christopher-st---sheridan-sq.webp,https://studiorxch.github.io/cdn/station/christopher-st---sheridan-sq.webp
sheepshead-bay,sheepshead-bay,,,sheepshead-bay.webp,https://studiorxch.github.io/cdn/station/sheepshead-bay.webp
116th-st---columbia-university,116th-st---columbia-university,,,116th-st---columbia-university.webp,https://studiorxch.github.io/cdn/station/116th-st---columbia-university.webp
pennsylvania-ave,pennsylvania-ave,,,pennsylvania-ave.webp,https://studiorxch.github.io/cdn/station/pennsylvania-ave.webp
67th-ave,67th-ave,,,67th-ave.webp,https://studiorxch.github.io/cdn/station/67th-ave.webp
fulton-st-g,fulton-st-g,,,fulton-st-g.webp,https://studiorxch.github.io/cdn/station/fulton-st-g.webp
van-siclen-ave-3-4,van-siclen-ave-3-4,,,van-siclen-ave-3-4.webp,https://studiorxch.github.io/cdn/station/van-siclen-ave-3-4.webp
231st-st,231st-st,,,231st-st.webp,https://studiorxch.github.io/cdn/station/231st-st.webp
ave-u-f,ave-u-f,,,ave-u-f.webp,https://studiorxch.github.io/cdn/station/ave-u-f.webp
city-hall,city-hall,,,city-hall.webp,https://studiorxch.github.io/cdn/station/city-hall.webp
110th-st,110th-st,,,110th-st.webp,https://studiorxch.github.io/cdn/station/110th-st.webp
smith---9th-sts,smith---9th-sts,,,smith---9th-sts.webp,https://studiorxch.github.io/cdn/station/smith---9th-sts.webp
104th-st,104th-st,,,104th-st.webp,https://studiorxch.github.io/cdn/station/104th-st.webp
rector-st-1,rector-st-1,,,rector-st-1.webp,https://studiorxch.github.io/cdn/station/rector-st-1.webp
cleveland-st,cleveland-st,,,cleveland-st.webp,https://studiorxch.github.io/cdn/station/cleveland-st.webp
86th-st-a-b-c,86th-st-a-b-c,,,86th-st-a-b-c.webp,https://studiorxch.github.io/cdn/station/86th-st-a-b-c.webp
new-utrecht-ave,new-utrecht-ave,,,new-utrecht-ave.webp,https://studiorxch.github.io/cdn/station/new-utrecht-ave.webp
33rd-st-4-6-6-express,33rd-st-4-6-6-express,,,33rd-st-4-6-6-express.webp,https://studiorxch.github.io/cdn/station/33rd-st-4-6-6-express.webp
howard-beach---jfk-airport,howard-beach---jfk-airport,,,howard-beach---jfk-airport.webp,https://studiorxch.github.io/cdn/station/howard-beach---jfk-airport.webp
68th-st---hunter-college,68th-st---hunter-college,,,68th-st---hunter-college.webp,https://studiorxch.github.io/cdn/station/68th-st---hunter-college.webp
mt-eden-ave,mt-eden-ave,,,mt-eden-ave.webp,https://studiorxch.github.io/cdn/station/mt-eden-ave.webp
167th-st-b-d,167th-st-b-d,,,167th-st-b-d.webp,https://studiorxch.github.io/cdn/station/167th-st-b-d.webp
170th-st-b-d,170th-st-b-d,,,170th-st-b-d.webp,https://studiorxch.github.io/cdn/station/170th-st-b-d.webp
bowling-green,bowling-green,,,bowling-green.webp,https://studiorxch.github.io/cdn/station/bowling-green.webp
74th-st---broadway,74th-st---broadway,,,74th-st---broadway.webp,https://studiorxch.github.io/cdn/station/74th-st---broadway.webp
62nd-st,62nd-st,,,62nd-st.webp,https://studiorxch.github.io/cdn/station/62nd-st.webp
beach-67th-st,beach-67th-st,,,beach-67th-st.webp,https://studiorxch.github.io/cdn/station/beach-67th-st.webp
46th-st-e-m-r,46th-st-e-m-r,,,46th-st-e-m-r.webp,https://studiorxch.github.io/cdn/station/46th-st-e-m-r.webp
18th-st,18th-st,,,18th-st.webp,https://studiorxch.github.io/cdn/station/18th-st.webp
canal-st-1-2,canal-st-1-2,,,canal-st-1-2.webp,https://studiorxch.github.io/cdn/station/canal-st-1-2.webp
59th-st-n-r,59th-st-n-r,,,59th-st-n-r.webp,https://studiorxch.github.io/cdn/station/59th-st-n-r.webp
junius-st,junius-st,,,junius-st.webp,https://studiorxch.github.io/cdn/station/junius-st.webp
wakefield---241st-st,wakefield---241st-st,,,wakefield---241st-st.webp,https://studiorxch.github.io/cdn/station/wakefield---241st-st.webp
myrtle-willoughby-aves,myrtle-willoughby-aves,,,myrtle-willoughby-aves.webp,https://studiorxch.github.io/cdn/station/myrtle-willoughby-aves.webp
classon-ave,classon-ave,,,classon-ave.webp,https://studiorxch.github.io/cdn/station/classon-ave.webp
167th-st-4,167th-st-4,,,167th-st-4.webp,https://studiorxch.github.io/cdn/station/167th-st-4.webp
junction-blvd,junction-blvd,,,junction-blvd.webp,https://studiorxch.github.io/cdn/station/junction-blvd.webp
sterling-st,sterling-st,,,sterling-st.webp,https://studiorxch.github.io/cdn/station/sterling-st.webp
mets---willets-point,mets---willets-point,,,mets---willets-point.webp,https://studiorxch.github.io/cdn/station/mets---willets-point.webp
7th-ave-b-q,7th-ave-b-q,,,7th-ave-b-q.webp,https://studiorxch.github.io/cdn/station/7th-ave-b-q.webp
gates-ave,gates-ave,,,gates-ave.webp,https://studiorxch.github.io/cdn/station/gates-ave.webp
wall-st-2-3,wall-st-2-3,,,wall-st-2-3.webp,https://studiorxch.github.io/cdn/station/wall-st-2-3.webp
69th-st,69th-st,,,69th-st.webp,https://studiorxch.github.io/cdn/station/69th-st.webp
graham-ave,graham-ave,,,graham-ave.webp,https://studiorxch.github.io/cdn/station/graham-ave.webp
18th-ave-d,18th-ave-d,,,18th-ave-d.webp,https://studiorxch.github.io/cdn/station/18th-ave-d.webp
85th-st---forest-pky,85th-st---forest-pky,,,85th-st---forest-pky.webp,https://studiorxch.github.io/cdn/station/85th-st---forest-pky.webp
montrose-ave,montrose-ave,,,montrose-ave.webp,https://studiorxch.github.io/cdn/station/montrose-ave.webp
woodlawn-1,woodlawn-1,,,woodlawn-1.webp,https://studiorxch.github.io/cdn/station/woodlawn-1.webp
1st-ave,1st-ave,,,1st-ave.webp,https://studiorxch.github.io/cdn/station/1st-ave.webp
190th-st,190th-st,,,190th-st.webp,https://studiorxch.github.io/cdn/station/190th-st.webp
northern-blvd,northern-blvd,,,northern-blvd.webp,https://studiorxch.github.io/cdn/station/northern-blvd.webp
ave-p,ave-p,,,ave-p.webp,https://studiorxch.github.io/cdn/station/ave-p.webp
5th-ave---53rd-st,5th-ave---53rd-st,,,5th-ave---53rd-st.webp,https://studiorxch.github.io/cdn/station/5th-ave---53rd-st.webp
beach-90th-st,beach-90th-st,,,beach-90th-st.webp,https://studiorxch.github.io/cdn/station/beach-90th-st.webp
brooklyn-bridge---city-hall,brooklyn-bridge---city-hall,,,brooklyn-bridge---city-hall.webp,https://studiorxch.github.io/cdn/station/brooklyn-bridge---city-hall.webp
bowery-1,bowery-1,,,bowery-1.webp,https://studiorxch.github.io/cdn/station/bowery-1.webp
livonia-ave,livonia-ave,,,livonia-ave.webp,https://studiorxch.github.io/cdn/station/livonia-ave.webp
50th-st-a-c-e,50th-st-a-c-e,,,50th-st-a-c-e.webp,https://studiorxch.github.io/cdn/station/50th-st-a-c-e.webp
5th-ave---bryant-pk,5th-ave---bryant-pk,,,5th-ave---bryant-pk.webp,https://studiorxch.github.io/cdn/station/5th-ave---bryant-pk.webp
137th-st---city-college,137th-st---city-college,,,137th-st---city-college.webp,https://studiorxch.github.io/cdn/station/137th-st---city-college.webp
23rd-st-1-2,23rd-st-1-2,,,23rd-st-1-2.webp,https://studiorxch.github.io/cdn/station/23rd-st-1-2.webp
163rd-st---amsterdam-av,163rd-st---amsterdam-av,,,163rd-st---amsterdam-av.webp,https://studiorxch.github.io/cdn/station/163rd-st---amsterdam-av.webp
wall-st-4-5,wall-st-4-5,,,wall-st-4-5.webp,https://studiorxch.github.io/cdn/station/wall-st-4-5.webp
125th-st-4-5-6-6-express,125th-st-4-5-6-6-express,,,125th-st-4-5-6-6-express.webp,https://studiorxch.github.io/cdn/station/125th-st-4-5-6-6-express.webp
34th-st---penn-station-a-c-e,34th-st---penn-station-a-c-e,,,34th-st---penn-station-a-c-e.webp,https://studiorxch.github.io/cdn/station/34th-st---penn-station-a-c-e.webp
south-ferry,south-ferry,,,south-ferry.webp,https://studiorxch.github.io/cdn/station/south-ferry.webp
21st-st,21st-st,,,21st-st.webp,https://studiorxch.github.io/cdn/station/21st-st.webp
ave-h-q,ave-h-q,,,ave-h-q.webp,https://studiorxch.github.io/cdn/station/ave-h-q.webp
broad-st,broad-st,,,broad-st.webp,https://studiorxch.github.io/cdn/station/broad-st.webp
jamaica---179th-st,jamaica---179th-st,,,jamaica---179th-st.webp,https://studiorxch.github.io/cdn/station/jamaica---179th-st.webp
beverley-rd,beverley-rd,,,beverley-rd.webp,https://studiorxch.github.io/cdn/station/beverley-rd.webp
42nd-st---port-authority-bus-term,42nd-st---port-authority-bus-term,,,42nd-st---port-authority-bus-term.webp,https://studiorxch.github.io/cdn/station/42nd-st---port-authority-bus-term.webp
astoria---ditmars-blvd,astoria---ditmars-blvd,,,astoria---ditmars-blvd.webp,https://studiorxch.github.io/cdn/station/astoria---ditmars-blvd.webp
23rd-st-n-q-r-w,23rd-st-n-q-r-w,,,23rd-st-n-q-r-w.webp,https://studiorxch.github.io/cdn/station/23rd-st-n-q-r-w.webp
kings-hwy-b-q,kings-hwy-b-q,,,kings-hwy-b-q.webp,https://studiorxch.github.io/cdn/station/kings-hwy-b-q.webp
ave-i,ave-i,,,ave-i.webp,https://studiorxch.github.io/cdn/station/ave-i.webp
bay-pky-n,bay-pky-n,,,bay-pky-n.webp,https://studiorxch.github.io/cdn/station/bay-pky-n.webp
dekalb-ave-b-d-n-q-r,dekalb-ave-b-d-n-q-r,,,dekalb-ave-b-d-n-q-r.webp,https://studiorxch.github.io/cdn/station/dekalb-ave-b-d-n-q-r.webp
175th-st,175th-st,,,175th-st.webp,https://studiorxch.github.io/cdn/station/175th-st.webp
hoyt-st,hoyt-st,,,hoyt-st.webp,https://studiorxch.github.io/cdn/station/hoyt-st.webp
allerton-ave,allerton-ave,,,allerton-ave.webp,https://studiorxch.github.io/cdn/station/allerton-ave.webp
coney-island---stillwell-av,coney-island---stillwell-av,,,coney-island---stillwell-av.webp,https://studiorxch.github.io/cdn/station/coney-island---stillwell-av.webp
york-st,york-st,,,york-st.webp,https://studiorxch.github.io/cdn/station/york-st.webp
cypress-hills,cypress-hills,,,cypress-hills.webp,https://studiorxch.github.io/cdn/station/cypress-hills.webp
high-st,high-st,,,high-st.webp,https://studiorxch.github.io/cdn/station/high-st.webp
simpson-st,simpson-st,,,simpson-st.webp,https://studiorxch.github.io/cdn/station/simpson-st.webp
45th-st,45th-st,,,45th-st.webp,https://studiorxch.github.io/cdn/station/45th-st.webp
park-pl-s,park-pl-s,,,park-pl-s.webp,https://studiorxch.github.io/cdn/station/park-pl-s.webp
53rd-st,53rd-st,,,53rd-st.webp,https://studiorxch.github.io/cdn/station/53rd-st.webp
beach-105th-st,beach-105th-st,,,beach-105th-st.webp,https://studiorxch.github.io/cdn/station/beach-105th-st.webp
brighton-beach,brighton-beach,,,brighton-beach.webp,https://studiorxch.github.io/cdn/station/brighton-beach.webp
briarwood---van-wyck-blvd,briarwood---van-wyck-blvd,,,briarwood---van-wyck-blvd.webp,https://studiorxch.github.io/cdn/station/briarwood---van-wyck-blvd.webp
cypress-ave,cypress-ave,,,cypress-ave.webp,https://studiorxch.github.io/cdn/station/cypress-ave.webp
kingston-ave,kingston-ave,,,kingston-ave.webp,https://studiorxch.github.io/cdn/station/kingston-ave.webp
metropolitan-ave,metropolitan-ave,,,metropolitan-ave.webp,https://studiorxch.github.io/cdn/station/metropolitan-ave.webp
bay-ridge-ave,bay-ridge-ave,,,bay-ridge-ave.webp,https://studiorxch.github.io/cdn/station/bay-ridge-ave.webp
fordham-rd-4,fordham-rd-4,,,fordham-rd-4.webp,https://studiorxch.github.io/cdn/station/fordham-rd-4.webp
forest-ave,forest-ave,,,forest-ave.webp,https://studiorxch.github.io/cdn/station/forest-ave.webp
79th-st-1-2,79th-st-1-2,,,79th-st-1-2.webp,https://studiorxch.github.io/cdn/station/79th-st-1-2.webp
crescent-st,crescent-st,,,crescent-st.webp,https://studiorxch.github.io/cdn/station/crescent-st.webp
96th-st-a-b-c,96th-st-a-b-c,,,96th-st-a-b-c.webp,https://studiorxch.github.io/cdn/station/96th-st-a-b-c.webp
72nd-st-1-2-3,72nd-st-1-2-3,,,72nd-st-1-2-3.webp,https://studiorxch.github.io/cdn/station/72nd-st-1-2-3.webp
155th-st-a-c,155th-st-a-c,,,155th-st-a-c.webp,https://studiorxch.github.io/cdn/station/155th-st-a-c.webp
middletown-rd,middletown-rd,,,middletown-rd.webp,https://studiorxch.github.io/cdn/station/middletown-rd.webp
chambers-st-j-z,chambers-st-j-z,,,chambers-st-j-z.webp,https://studiorxch.github.io/cdn/station/chambers-st-j-z.webp
bronx-park-east,bronx-park-east,,,bronx-park-east.webp,https://studiorxch.github.io/cdn/station/bronx-park-east.webp
middle-village---metropolitan-ave,middle-village---metropolitan-ave,,,middle-village---metropolitan-ave.webp,https://studiorxch.github.io/cdn/station/middle-village---metropolitan-ave.webp
buhre-ave,buhre-ave,,,buhre-ave.webp,https://studiorxch.github.io/cdn/station/buhre-ave.webp
broadway-g,broadway-g,,,broadway-g.webp,https://studiorxch.github.io/cdn/station/broadway-g.webp
8th-ave,8th-ave,,,8th-ave.webp,https://studiorxch.github.io/cdn/station/8th-ave.webp
149th-st---grand-concourse,149th-st---grand-concourse,,,149th-st---grand-concourse.webp,https://studiorxch.github.io/cdn/station/149th-st---grand-concourse.webp
elmhurst-ave,elmhurst-ave,,,elmhurst-ave.webp,https://studiorxch.github.io/cdn/station/elmhurst-ave.webp
jackson-ave,jackson-ave,,,jackson-ave.webp,https://studiorxch.github.io/cdn/station/jackson-ave.webp
court-st,court-st,,,court-st.webp,https://studiorxch.github.io/cdn/station/court-st.webp
14th-st-8th-ave,14th-st-8th-ave,,,14th-st-8th-ave.webp,https://studiorxch.github.io/cdn/station/14th-st-8th-ave.webp
51st-st,51st-st,,,51st-st.webp,https://studiorxch.github.io/cdn/station/51st-st.webp
bay-50th-st,bay-50th-st,,,bay-50th-st.webp,https://studiorxch.github.io/cdn/station/bay-50th-st.webp
79th-st-d,79th-st-d,,,79th-st-d.webp,https://studiorxch.github.io/cdn/station/79th-st-d.webp
30th-ave,30th-ave,,,30th-ave.webp,https://studiorxch.github.io/cdn/station/30th-ave.webp
cortelyou-rd,cortelyou-rd,,,cortelyou-rd.webp,https://studiorxch.github.io/cdn/station/cortelyou-rd.webp
alabama-ave,alabama-ave,,,alabama-ave.webp,https://studiorxch.github.io/cdn/station/alabama-ave.webp
sutphin-blvd,sutphin-blvd,,,sutphin-blvd.webp,https://studiorxch.github.io/cdn/station/sutphin-blvd.webp
morris-park,morris-park,,,morris-park.webp,https://studiorxch.github.io/cdn/station/morris-park.webp
beverly-rd,beverly-rd,,,beverly-rd.webp,https://studiorxch.github.io/cdn/station/beverly-rd.webp
kingsbridge-rd-b-d,kingsbridge-rd-b-d,,,kingsbridge-rd-b-d.webp,https://studiorxch.github.io/cdn/station/kingsbridge-rd-b-d.webp
15th-st---prospect-park,15th-st---prospect-park,,,15th-st---prospect-park.webp,https://studiorxch.github.io/cdn/station/15th-st---prospect-park.webp
77th-st-r,77th-st-r,,,77th-st-r.webp,https://studiorxch.github.io/cdn/station/77th-st-r.webp
46th-st-7,46th-st-7,,,46th-st-7.webp,https://studiorxch.github.io/cdn/station/46th-st-7.webp
4th-av---9th-st,4th-av---9th-st,,,4th-av---9th-st.webp,https://studiorxch.github.io/cdn/station/4th-av---9th-st.webp
sutphin-blvd---archer-av,sutphin-blvd---archer-av,,,sutphin-blvd---archer-av.webp,https://studiorxch.github.io/cdn/station/sutphin-blvd---archer-av.webp
81st-st,81st-st,,,81st-st.webp,https://studiorxch.github.io/cdn/station/81st-st.webp
westchester-sq---e-tremont-ave,westchester-sq---e-tremont-ave,,,westchester-sq---e-tremont-ave.webp,https://studiorxch.github.io/cdn/station/westchester-sq---e-tremont-ave.webp
kings-hwy-f,kings-hwy-f,,,kings-hwy-f.webp,https://studiorxch.github.io/cdn/station/kings-hwy-f.webp
ave-n,ave-n,,,ave-n.webp,https://studiorxch.github.io/cdn/station/ave-n.webp
36th-st-d-n-r,36th-st-d-n-r,,,36th-st-d-n-r.webp,https://studiorxch.github.io/cdn/station/36th-st-d-n-r.webp
72nd-st-q,72nd-st-q,,,72nd-st-q.webp,https://studiorxch.github.io/cdn/station/72nd-st-q.webp
cathedral-pkwy-110th-st-a-b-c,cathedral-pkwy-110th-st-a-b-c,,,cathedral-pkwy-110th-st-a-b-c.webp,https://studiorxch.github.io/cdn/station/cathedral-pkwy-110th-st-a-b-c.webp
63rd-dr---rego-park,63rd-dr---rego-park,,,63rd-dr---rego-park.webp,https://studiorxch.github.io/cdn/station/63rd-dr---rego-park.webp
knickerbocker-ave,knickerbocker-ave,,,knickerbocker-ave.webp,https://studiorxch.github.io/cdn/station/knickerbocker-ave.webp
23rd-st-f-m,23rd-st-f-m,,,23rd-st-f-m.webp,https://studiorxch.github.io/cdn/station/23rd-st-f-m.webp
lorimer-st-j-m,lorimer-st-j-m,,,lorimer-st-j-m.webp,https://studiorxch.github.io/cdn/station/lorimer-st-j-m.webp
canal-st-n-q-4-6-6-express-j-z-r-w,canal-st-n-q-4-6-6-express-j-z-r-w,,,canal-st-n-q-4-6-6-express-j-z-r-w.webp,https://studiorxch.github.io/cdn/station/canal-st-n-q-4-6-6-express-j-z-r-w.webp
pelham-pkwy-5,pelham-pkwy-5,,,pelham-pkwy-5.webp,https://studiorxch.github.io/cdn/station/pelham-pkwy-5.webp
23rd-st-4-6-6-express,23rd-st-4-6-6-express,,,23rd-st-4-6-6-express.webp,https://studiorxch.github.io/cdn/station/23rd-st-4-6-6-express.webp
bergen-st-2-3-4,bergen-st-2-3-4,,,bergen-st-2-3-4.webp,https://studiorxch.github.io/cdn/station/bergen-st-2-3-4.webp
sutter-ave---rutland-road,sutter-ave---rutland-road,,,sutter-ave---rutland-road.webp,https://studiorxch.github.io/cdn/station/sutter-ave---rutland-road.webp
cathedral-pkwy-110th-st-1,cathedral-pkwy-110th-st-1,,,cathedral-pkwy-110th-st-1.webp,https://studiorxch.github.io/cdn/station/cathedral-pkwy-110th-st-1.webp
lexington-ave---63rd-st,lexington-ave---63rd-st,,,lexington-ave---63rd-st.webp,https://studiorxch.github.io/cdn/station/lexington-ave---63rd-st.webp
59th-st---columbus-circle,59th-st---columbus-circle,,,59th-st---columbus-circle.webp,https://studiorxch.github.io/cdn/station/59th-st---columbus-circle.webp
church-ave-b-q,church-ave-b-q,,,church-ave-b-q.webp,https://studiorxch.github.io/cdn/station/church-ave-b-q.webp
pelham-pkwy-2-5,pelham-pkwy-2-5,,,pelham-pkwy-2-5.webp,https://studiorxch.github.io/cdn/station/pelham-pkwy-2-5.webp
freeman-st,freeman-st,,,freeman-st.webp,https://studiorxch.github.io/cdn/station/freeman-st.webp
18th-ave-n,18th-ave-n,,,18th-ave-n.webp,https://studiorxch.github.io/cdn/station/18th-ave-n.webp
beach-36th-st,beach-36th-st,,,beach-36th-st.webp,https://studiorxch.github.io/cdn/station/beach-36th-st.webp
prospect-ave-2-5,prospect-ave-2-5,,,prospect-ave-2-5.webp,https://studiorxch.github.io/cdn/station/prospect-ave-2-5.webp
sutter-ave,sutter-ave,,,sutter-ave.webp,https://studiorxch.github.io/cdn/station/sutter-ave.webp
franklin-st,franklin-st,,,franklin-st.webp,https://studiorxch.github.io/cdn/station/franklin-st.webp
myrtle-wyckoff-avs,myrtle-wyckoff-avs,,,myrtle-wyckoff-avs.webp,https://studiorxch.github.io/cdn/station/myrtle-wyckoff-avs.webp
grand-st-b-d,grand-st-b-d,,,grand-st-b-d.webp,https://studiorxch.github.io/cdn/station/grand-st-b-d.webp
182nd-183rd-sts,182nd-183rd-sts,,,182nd-183rd-sts.webp,https://studiorxch.github.io/cdn/station/182nd-183rd-sts.webp
cortlandt-st-1,cortlandt-st-1,,,cortlandt-st-1.webp,https://studiorxch.github.io/cdn/station/cortlandt-st-1.webp
28th-st-4-6-6-express,28th-st-4-6-6-express,,,28th-st-4-6-6-express.webp,https://studiorxch.github.io/cdn/station/28th-st-4-6-6-express.webp
flushing-ave-g,flushing-ave-g,,,flushing-ave-g.webp,https://studiorxch.github.io/cdn/station/flushing-ave-g.webp
president-st,president-st,,,president-st.webp,https://studiorxch.github.io/cdn/station/president-st.webp
saratoga-ave,saratoga-ave,,,saratoga-ave.webp,https://studiorxch.github.io/cdn/station/saratoga-ave.webp
hoyt---schermerhorn-sts,hoyt---schermerhorn-sts,,,hoyt---schermerhorn-sts.webp,https://studiorxch.github.io/cdn/station/hoyt---schermerhorn-sts.webp
145th-st-3,145th-st-3,,,145th-st-3.webp,https://studiorxch.github.io/cdn/station/145th-st-3.webp
80th-st,80th-st,,,80th-st.webp,https://studiorxch.github.io/cdn/station/80th-st.webp
49th-st,49th-st,,,49th-st.webp,https://studiorxch.github.io/cdn/station/49th-st.webp
park-pl-2-3,park-pl-2-3,,,park-pl-2-3.webp,https://studiorxch.github.io/cdn/station/park-pl-2-3.webp
morgan-ave,morgan-ave,,,morgan-ave.webp,https://studiorxch.github.io/cdn/station/morgan-ave.webp
jackson-hts---roosevelt-av,jackson-hts---roosevelt-av,,,jackson-hts---roosevelt-av.webp,https://studiorxch.github.io/cdn/station/jackson-hts---roosevelt-av.webp
grand-central,grand-central,,,grand-central.webp,https://studiorxch.github.io/cdn/station/grand-central.webp
steinway-st,steinway-st,,,steinway-st.webp,https://studiorxch.github.io/cdn/station/steinway-st.webp
franklin-ave-a-c-s,franklin-ave-a-c-s,,,franklin-ave-a-c-s.webp,https://studiorxch.github.io/cdn/station/franklin-ave-a-c-s.webp
rector-st-r-w,rector-st-r-w,,,rector-st-r-w.webp,https://studiorxch.github.io/cdn/station/rector-st-r-w.webp
65th-st,65th-st,,,65th-st.webp,https://studiorxch.github.io/cdn/station/65th-st.webp
174th-st,174th-st,,,174th-st.webp,https://studiorxch.github.io/cdn/station/174th-st.webp
greenpoint-ave,greenpoint-ave,,,greenpoint-ave.webp,https://studiorxch.github.io/cdn/station/greenpoint-ave.webp
far-rockaway---mott-ave,far-rockaway---mott-ave,,,far-rockaway---mott-ave.webp,https://studiorxch.github.io/cdn/station/far-rockaway---mott-ave.webp
atlantic-ave,atlantic-ave,,,atlantic-ave.webp,https://studiorxch.github.io/cdn/station/atlantic-ave.webp
eastchester---dyre-ave,eastchester---dyre-ave,,,eastchester---dyre-ave.webp,https://studiorxch.github.io/cdn/station/eastchester---dyre-ave.webp
zerega-ave,zerega-ave,,,zerega-ave.webp,https://studiorxch.github.io/cdn/station/zerega-ave.webp
bay-pky-d,bay-pky-d,,,bay-pky-d.webp,https://studiorxch.github.io/cdn/station/bay-pky-d.webp
aqueduct---north-conduit-av,aqueduct---north-conduit-av,,,aqueduct---north-conduit-av.webp,https://studiorxch.github.io/cdn/station/aqueduct---north-conduit-av.webp
whitehall-st,whitehall-st,,,whitehall-st.webp,https://studiorxch.github.io/cdn/station/whitehall-st.webp
crown-hts---utica-ave,crown-hts---utica-ave,,,crown-hts---utica-ave.webp,https://studiorxch.github.io/cdn/station/crown-hts---utica-ave.webp
carroll-st,carroll-st,,,carroll-st.webp,https://studiorxch.github.io/cdn/station/carroll-st.webp
161st-st---yankee-stadium,161st-st---yankee-stadium,,,161st-st---yankee-stadium.webp,https://studiorxch.github.io/cdn/station/161st-st---yankee-stadium.webp
86th-st-r,86th-st-r,,,86th-st-r.webp,https://studiorxch.github.io/cdn/station/86th-st-r.webp
beach-60th-st,beach-60th-st,,,beach-60th-st.webp,https://studiorxch.github.io/cdn/station/beach-60th-st.webp
grand-ave---newtown,grand-ave---newtown,,,grand-ave---newtown.webp,https://studiorxch.github.io/cdn/station/grand-ave---newtown.webp
parsons-blvd,parsons-blvd,,,parsons-blvd.webp,https://studiorxch.github.io/cdn/station/parsons-blvd.webp
w-4th-st---washington-sq,w-4th-st---washington-sq,,,w-4th-st---washington-sq.webp,https://studiorxch.github.io/cdn/station/w-4th-st---washington-sq.webp
ft-hamilton-pkwy-f-g,ft-hamilton-pkwy-f-g,,,ft-hamilton-pkwy-f-g.webp,https://studiorxch.github.io/cdn/station/ft-hamilton-pkwy-f-g.webp
e-105th-st,e-105th-st,,,e-105th-st.webp,https://studiorxch.github.io/cdn/station/e-105th-st.webp
union-st,union-st,,,union-st.webp,https://studiorxch.github.io/cdn/station/union-st.webp
233rd-st,233rd-st,,,233rd-st.webp,https://studiorxch.github.io/cdn/station/233rd-st.webp
queensboro-plz,queensboro-plz,,,queensboro-plz.webp,https://studiorxch.github.io/cdn/station/queensboro-plz.webp
bedford-ave,bedford-ave,,,bedford-ave.webp,https://studiorxch.github.io/cdn/station/bedford-ave.webp
96th-st-4-6-6-express,96th-st-4-6-6-express,,,96th-st-4-6-6-express.webp,https://studiorxch.github.io/cdn/station/96th-st-4-6-6-express.webp
ralph-ave,ralph-ave,,,ralph-ave.webp,https://studiorxch.github.io/cdn/station/ralph-ave.webp
225th-st,225th-st,,,225th-st.webp,https://studiorxch.github.io/cdn/station/225th-st.webp
hewes-st,hewes-st,,,hewes-st.webp,https://studiorxch.github.io/cdn/station/hewes-st.webp
new-lots-ave-l,new-lots-ave-l,,,new-lots-ave-l.webp,https://studiorxch.github.io/cdn/station/new-lots-ave-l.webp
lexington-ave---59th-st,lexington-ave---59th-st,,,lexington-ave---59th-st.webp,https://studiorxch.github.io/cdn/station/lexington-ave---59th-st.webp
